id	views	likes	upload_date	channel	title
MSVjJbX1jYs	609802	5596	20210308	아파트언박싱 by 직방TV	아파트 사전점검, 이것만은 놓치지 마세요! (요령, 체크리스트, 준비물, TIP)ㅣ언박싱 꿀팁
ZZFugJDAGJw	503586	4871	20240422	매부리TV	신축 아파트 사전점검 A부터 Z까지
_VDKCz9XwsI	332510	3878	20210326	〈家〉가여사	아파트 사전점검 상세 설명서 -셀프 점검 걱정없다! 대행업체 필요 없다!  (준비물, 요령, 체크리스트, TIP) /아시나무
cYHDBCUOnbc	255020	2672	20211021	라르고 채널	아파트 사전점검 7가지 체크리스트 셀프 하자점검
0qv9PS0Y0Yc	248428	2341	20221028	위드원스	아파트사전점검 하자체크 전문가 노하우
57PUOGdV9zs	150723	954	20230109	두지이즈프리	아파트 사전점검 대충 하면 벌어지는 일들 (ft. 셀프 체크리스트 무료제공)
pHY_XkgKvBA	119571	NA		판교팬칠칠이_아파트TV	아파트 셀프 사전 점검 / 신축아파트 사전점검 체크리스트, 업체, 준비물, 시간 등 꿀팁 모음집
dOezzhOQVKU	89064	800	20190905	홈체크	[홈체크]아파트 사전점검 전문가의 하자 점검 비법은?!
wub_WAhITxA	66395	NA	20240714	입주플래너(IPPL)	사전점검 셀프ㅣ이렇게만 하면 쉽게 할 수 있습니다! ㅣ사검업체 사장도 알려주지 않는 꿀팁
